steps,distance,trackerDistance,loggedActivitiesDistance,veryActiveDistance,moderatelyActiveDistance,lightActiveDistance,sedentaryActiveDistance,veryActiveMinutes,fairlyActiveMinutes,lightlyActiveMinutes,sedentaryMinutes,calories
11004.0,7.110000134,7.110000134,3.4165962488750004,2.569999933,0.460000008,4.070000172,0.01,33.0,12.0,205.0,804,1819.0
17609.0,11.55000019,11.55000019,3.4165962488750004,6.920000076,0.730000019,3.910000086,0.01,89.0,17.0,274.0,588,2154.0
12736.0,8.529999733,8.529999733,3.4165962488750004,4.659999847,0.159999996,3.710000038,0.01,56.0,5.0,268.0,605,1944.0
13231.0,8.930000305,8.930000305,3.4165962488750004,3.190000057,0.790000021,4.949999809,0.01,39.0,20.0,224.0,1080,1932.0
12041.0,7.849999905,7.849999905,3.4165962488750004,2.160000086,1.090000033,4.610000134,0.01,28.0,28.0,243.0,763,1886.0
10970.0,7.159999847,7.159999847,3.4165962488750004,2.359999895,0.50999999,4.289999962,0.01,30.0,13.0,223.0,1174,1820.0
12256.0,7.860000134,7.860000134,3.4165962488750004,2.289999962,0.49000001,5.039999962,0.01,33.0,12.0,239.0,820,1889.0
12262.0,7.869999886,7.869999886,3.4165962488750004,3.319999933,0.829999983,3.640000105,0.01,47.0,21.0,200.0,866,1868.0
11248.0,7.25,7.25,3.4165962488750004,3.0,0.449999988,3.74000001,0.01,40.0,11.0,244.0,636,1843.0
10016.0,6.369999886,6.369999886,3.4165962488750004,0.910000026,1.279999971,4.179999828,0.01,15.0,30.0,314.0,655,1850.0
14557.0,9.800000191,9.800000191,3.4165962488750004,3.390000105,0.699999988,5.690000057,0.01,43.0,18.0,285.0,757,2030.0
14844.0,9.729999542,9.729999542,3.4165962488750004,2.940000057,0.75999999,6.039999962,0.01,36.0,18.0,341.0,736,2083.0
11974.0,7.670000076,7.670000076,3.4165962488750004,2.039999962,0.479999989,5.150000095,0.01,27.0,12.0,228.0,1173,1861.0
10198.0,6.440000057,6.440000057,3.4165962488750004,1.200000048,0.790000021,4.449999809,0.01,17.0,20.0,195.0,1208,1755.0
12521.0,7.940000057,7.940000057,3.4165962488750004,3.309999943,0.899999976,3.74000001,0.01,46.0,22.0,212.0,1160,1895.0
12432.0,8.100000381,8.100000381,3.4165962488750004,2.589999914,0.589999974,4.920000076,0.01,32.0,15.0,248.0,738,1883.0
10057.0,6.980000019,6.980000019,3.4165962488750004,4.0,0.49000001,2.480000019,0.01,44.0,13.0,168.0,737,1755.0
10990.0,7.260000229,7.260000229,3.4165962488750004,2.039999962,0.569999993,4.650000095,0.01,26.0,14.0,216.0,855,1811.0
224.0,0.140000001,0.140000001,3.4165962488750004,1.5149999859999999,0.670000017,0.129999995,0.01,26.0,25.969565217391306,9.0,32,50.0
1810.0,1.179999948,1.179999948,3.4165962488750004,1.5149999859999999,0.670000017,1.129999995,0.01,26.0,25.969565217391306,121.0,1319,1373.0
815.0,0.529999971,0.529999971,3.4165962488750004,1.5149999859999999,0.670000017,0.529999971,0.01,26.0,25.969565217391306,47.0,1393,1264.0
1985.0,1.289999962,1.289999962,3.4165962488750004,1.5149999859999999,0.670000017,1.279999971,0.01,26.0,25.969565217391306,112.0,1328,1350.0
1905.0,1.24000001,1.24000001,3.4165962488750004,1.5149999859999999,0.670000017,1.24000001,0.01,26.0,25.969565217391306,95.0,1345,1342.0
1552.0,1.00999999,1.00999999,3.4165962488750004,1.5149999859999999,0.670000017,1.0,0.01,26.0,25.969565217391306,66.0,1374,1300.0
1675.0,1.090000033,1.090000033,3.4165962488750004,1.5149999859999999,0.670000017,1.090000033,0.01,26.0,25.969565217391306,84.0,1356,1313.0
4506.0,2.930000067,2.930000067,3.4165962488750004,0.50999999,0.270000011,2.150000095,0.01,7.0,4.0,144.0,1285,1498.0
9218.0,5.989999771,5.989999771,3.4165962488750004,1.5149999859999999,0.670000017,5.96999979,0.01,26.0,25.969565217391306,221.0,1219,1541.0
1556.0,1.00999999,1.00999999,3.4165962488750004,1.5149999859999999,0.670000017,1.00999999,0.01,26.0,25.969565217391306,88.0,1352,1327.0
2910.0,1.889999986,1.889999986,3.4165962488750004,1.5149999859999999,0.670000017,1.879999995,0.01,26.0,25.969565217391306,157.0,1283,1452.0
18464.0,12.0,12.0,3.4165962488750004,1.5149999859999999,0.670000017,12.0,0.01,26.0,25.969565217391306,270.0,1170,1574.0
1335.0,0.870000005,0.870000005,3.4165962488750004,1.5149999859999999,0.670000017,0.870000005,0.01,26.0,25.969565217391306,74.0,1366,1308.0
1004.0,0.649999976,0.649999976,3.4165962488750004,1.5149999859999999,0.670000017,0.649999976,0.01,26.0,25.969565217391306,55.0,1385,1276.0
1111.0,0.720000029,0.720000029,3.4165962488750004,1.5149999859999999,0.670000017,0.720000029,0.01,26.0,25.969565217391306,54.0,1386,1278.0
6344.0,4.119999886,4.119999886,3.4165962488750004,1.5149999859999999,0.670000017,4.099999905,0.01,26.0,25.969565217391306,143.0,1297,1409.0
3572.0,2.319999933,2.319999933,3.4165962488750004,1.5149999859999999,0.670000017,2.289999962,0.029999999,26.0,25.969565217391306,122.0,1318,1370.0
3910.0,2.539999962,2.539999962,3.4165962488750004,0.469999999,0.25,1.809999943,0.01,7.0,7.0,186.0,1240,1555.0
10000.0,6.5,6.5,3.4165962488750004,1.5149999859999999,0.670000017,6.5,0.01,26.0,25.969565217391306,172.0,1268,1469.0
6627.0,4.309999943,4.309999943,3.4165962488750004,1.5149999859999999,0.670000017,4.309999943,0.01,26.0,25.969565217391306,89.0,604,706.0
4636.0,3.410000086,3.410000086,3.4165962488750004,1.5149999859999999,0.779999971,2.599999905,0.029999999,26.0,16.0,586.0,838,3323.0
20237.0,14.71000004,14.71000004,3.4165962488750004,2.569999933,6.400000095,5.730000019,0.01,34.0,141.0,347.0,918,4029.0
12912.0,9.409999847,9.409999847,3.4165962488750004,4.829999924,0.769999981,3.789999962,0.029999999,59.0,16.0,283.0,1082,3436.0
2819.0,2.049999952,2.049999952,3.4165962488750004,0.310000002,0.170000002,1.559999943,0.01,4.0,4.0,87.0,1345,2444.0
9921.0,7.210000038,7.210000038,3.4165962488750004,0.340000004,1.519999981,5.360000134,0.01,5.0,35.0,219.0,1181,3098.0
8046.0,5.849999905,5.849999905,3.4165962488750004,1.289999962,2.119999886,2.450000048,0.01,18.0,41.0,137.0,1244,2925.0
11166.0,8.119999886,8.119999886,3.4165962488750004,0.209999993,2.410000086,5.5,0.01,3.0,58.0,230.0,1149,3202.0
7842.0,5.699999809,5.699999809,3.4165962488750004,0.479999989,2.410000086,2.809999943,0.01,7.0,43.0,161.0,1229,2928.0
13840.0,10.06000042,10.06000042,3.4165962488750004,1.309999943,3.720000029,5.03000021,0.01,18.0,81.0,192.0,1149,3290.0
1329.0,0.970000029,0.970000029,3.4165962488750004,1.5149999859999999,0.670000017,0.970000029,0.01,26.0,25.969565217391306,35.0,207,489.0
6847.0,4.53000021,4.53000021,3.4165962488750004,0.610000014,0.370000005,3.549999952,0.01,9.0,9.0,251.0,1171,1969.0
5367.0,3.549999952,3.549999952,3.4165962488750004,1.5149999859999999,0.670000017,3.549999952,0.01,26.0,25.969565217391306,263.0,1177,1889.0
2841.0,1.879999995,1.879999995,3.4165962488750004,1.5149999859999999,0.670000017,1.879999995,0.01,26.0,25.969565217391306,136.0,1114,1636.0
6895.5,4.964999914,4.960000038,3.4165962488750004,1.5149999859999999,0.670000017,3.448616187986945,0.01,26.0,25.969565217391306,201.87532467532466,669,1347.0
6895.5,4.964999914,4.960000038,3.4165962488750004,1.5149999859999999,0.670000017,3.448616187986945,0.01,26.0,25.969565217391306,201.87532467532466,1440,1347.0
7.0,4.964999914,4.960000038,3.4165962488750004,1.5149999859999999,0.670000017,3.448616187986945,0.01,26.0,25.969565217391306,1.0,1439,1349.0
6344.0,4.190000057,4.190000057,3.4165962488750004,1.5149999859999999,0.670000017,4.190000057,0.01,26.0,25.969565217391306,290.0,1150,1965.0
5316.0,3.50999999,3.50999999,3.4165962488750004,1.5149999859999999,0.670000017,3.50999999,0.01,26.0,25.969565217391306,221.0,1219,1824.0
4979.0,3.289999962,3.289999962,3.4165962488750004,1.5149999859999999,0.670000017,3.289999962,0.01,26.0,25.969565217391306,184.0,620,1807.0
6556.0,4.340000153,4.340000153,3.4165962488750004,1.5149999859999999,0.670000017,4.329999924,0.01,26.0,25.969565217391306,305.0,810,1971.0
5430.0,3.589999914,3.589999914,3.4165962488750004,1.5149999859999999,0.670000017,3.589999914,0.01,26.0,25.969565217391306,251.0,1189,1888.0
6895.5,4.964999914,4.960000038,3.4165962488750004,1.5149999859999999,0.670000017,3.448616187986945,0.01,26.0,25.969565217391306,201.87532467532466,426,399.0
4317.0,2.99000001,2.99000001,3.4165962488750004,1.5149999859999999,0.370000005,2.619999886,0.01,26.0,11.0,192.0,854,2590.0
5662.0,3.920000076,3.920000076,3.4165962488750004,1.5149999859999999,0.670000017,3.920000076,0.01,26.0,25.969565217391306,267.0,858,2783.0
3198.0,2.210000038,2.210000038,3.4165962488750004,1.5149999859999999,0.670000017,2.210000038,0.01,26.0,25.969565217391306,146.0,1183,2449.0
2352.0,1.629999995,1.629999995,3.4165962488750004,1.5149999859999999,0.670000017,1.629999995,0.01,26.0,25.969565217391306,128.0,829,2380.0
2234.0,1.549999952,1.549999952,3.4165962488750004,1.5149999859999999,0.670000017,1.549999952,0.01,26.0,25.969565217391306,108.0,912,2344.0
1259.0,0.870000005,0.870000005,3.4165962488750004,1.5149999859999999,0.670000017,0.870000005,0.01,26.0,25.969565217391306,73.0,938,2202.0
768.0,0.529999971,0.529999971,3.4165962488750004,1.5149999859999999,0.670000017,0.529999971,0.01,26.0,25.969565217391306,43.0,1397,2130.0
519.0,0.360000014,0.360000014,3.4165962488750004,1.5149999859999999,0.670000017,0.360000014,0.01,26.0,25.969565217391306,34.0,1406,2088.0
2523.0,1.75,1.75,3.4165962488750004,1.5149999859999999,0.370000005,1.379999995,0.01,26.0,9.0,134.0,1250,2443.0
2105.0,1.460000038,1.460000038,3.4165962488750004,1.5149999859999999,0.670000017,1.460000038,0.01,26.0,25.969565217391306,139.0,805,2442.0
1209.0,0.839999974,0.839999974,3.4165962488750004,1.5149999859999999,0.670000017,0.839999974,0.01,26.0,25.969565217391306,73.0,842,2255.0
24.0,0.02,0.02,3.4165962488750004,1.5149999859999999,0.670000017,0.02,0.01,26.0,25.969565217391306,3.0,161,942.0
13603.0,9.600000381,9.600000381,3.4165962488750004,5.460000038,0.629999995,3.50999999,0.01,72.0,16.0,213.0,1139,2645.0
5477.0,3.839999914,3.839999914,3.4165962488750004,1.5149999859999999,0.670000017,3.839999914,0.01,26.0,25.969565217391306,237.0,1203,2040.0
11144.0,7.820000172,7.820000172,3.4165962488750004,1.789999962,0.889999986,5.139999866,0.01,25.0,22.0,279.0,1114,2395.0
15313.0,11.0,11.0,3.4165962488750004,5.019999981,1.289999962,4.690000057,0.01,62.0,19.0,233.0,1126,2581.0
10805.0,7.590000153,7.590000153,3.4165962488750004,0.720000029,0.980000019,5.889999866,0.01,36.0,37.0,298.0,1069,2735.0
15392.0,10.93000031,10.93000031,3.4165962488750004,3.430000067,1.75,5.75,0.01,47.0,42.0,258.0,1093,2733.0
18247.0,13.82999992,13.82999992,3.4165962488750004,7.110000134,2.210000038,4.510000229,0.01,72.0,62.0,252.0,1054,3021.0
13023.0,9.260000229,9.260000229,3.4165962488750004,3.230000019,0.560000002,5.46999979,0.01,40.0,12.0,296.0,1092,2577.0
16267.0,12.59000015,12.59000015,3.4165962488750004,5.75,0.469999999,6.369999886,0.01,44.0,16.0,302.0,1078,2811.0
10005.0,7.019999981,7.019999981,3.4165962488750004,0.079999998,1.049999952,5.900000095,0.01,1.0,23.0,339.0,1077,2458.0
10106.0,7.090000153,7.090000153,3.4165962488750004,1.210000038,0.560000002,5.329999924,0.01,41.0,16.0,272.0,1111,2568.0
6717.0,4.71999979,4.71999979,3.4165962488750004,3.230000019,0.219999999,1.269999981,0.01,41.0,5.0,67.0,551,1140.0
2605.0,1.620000005,1.620000005,3.4165962488750004,1.5149999859999999,0.670000017,1.620000005,0.01,26.0,25.969565217391306,166.0,729,1407.0
1229.0,0.75999999,0.75999999,3.4165962488750004,1.5149999859999999,0.670000017,0.75999999,0.01,26.0,25.969565217391306,69.0,795,1237.0
2308.0,1.429999948,1.429999948,3.4165962488750004,1.5149999859999999,0.670000017,1.429999948,0.01,26.0,25.969565217391306,115.0,720,1330.0
6679.0,4.139999866,4.139999866,3.4165962488750004,1.5149999859999999,0.670000017,4.139999866,0.01,26.0,25.969565217391306,263.0,644,1583.0
5645.0,3.5,3.5,3.4165962488750004,1.5149999859999999,0.670000017,3.5,0.01,26.0,25.969565217391306,248.0,621,1538.0
3180.0,1.970000029,1.970000029,3.4165962488750004,1.5149999859999999,0.670000017,1.970000029,0.01,26.0,25.969565217391306,185.0,738,1421.0
2767.0,1.720000029,1.720000029,3.4165962488750004,1.5149999859999999,0.670000017,1.720000029,0.01,26.0,25.969565217391306,170.0,673,1392.0
3762.0,2.329999924,2.329999924,3.4165962488750004,1.5149999859999999,0.670000017,2.329999924,0.01,26.0,25.969565217391306,173.0,719,1425.0
3098.0,1.919999957,1.919999957,3.4165962488750004,1.5149999859999999,0.670000017,1.919999957,0.01,26.0,25.969565217391306,185.0,700,1413.0
5142.0,3.190000057,3.190000057,3.4165962488750004,1.5149999859999999,0.670000017,3.190000057,0.01,26.0,25.969565217391306,230.0,654,1515.0
3279.0,2.029999971,2.029999971,3.4165962488750004,1.5149999859999999,0.670000017,2.029999971,0.01,26.0,25.969565217391306,164.0,694,1405.0
1019.0,0.629999995,0.629999995,3.4165962488750004,1.5149999859999999,0.670000017,0.629999995,0.01,26.0,25.969565217391306,64.0,223,600.0
6895.5,4.964999914,4.960000038,3.4165962488750004,1.5149999859999999,0.670000017,3.448616187986945,0.01,26.0,25.969565217391306,201.87532467532466,1440,1324.0
4931.0,3.319999933,3.319999933,3.4165962488750004,1.5149999859999999,0.670000017,3.319999933,0.01,26.0,25.969565217391306,175.0,1265,1708.0
6999.0,4.71999979,4.71999979,3.4165962488750004,1.5149999859999999,0.670000017,4.71999979,0.01,26.0,25.969565217391306,320.0,1120,1950.0
1846.0,1.24000001,1.24000001,3.4165962488750004,1.5149999859999999,0.670000017,1.24000001,0.01,26.0,25.969565217391306,93.0,1347,1508.0
3417.0,2.299999952,2.299999952,3.4165962488750004,1.5149999859999999,0.670000017,2.299999952,0.01,26.0,25.969565217391306,153.0,1287,1625.0
4863.0,3.279999971,3.279999971,3.4165962488750004,0.059999999,0.419999987,2.799999952,0.01,1.0,11.0,208.0,1220,1772.0
2277.0,1.529999971,1.529999971,3.4165962488750004,1.5149999859999999,0.670000017,1.529999971,0.01,26.0,25.969565217391306,103.0,1337,1530.0
11230.0,7.670000076,7.670000076,3.4165962488750004,0.889999986,0.119999997,6.659999847,0.01,10.0,2.0,390.0,1038,2206.0
2098.0,1.409999967,1.409999967,3.4165962488750004,1.5149999859999999,0.670000017,1.409999967,0.01,26.0,25.969565217391306,69.0,617,790.0
10272.0,6.789999962,6.789999962,3.4165962488750004,0.159999996,3.119999886,3.5,0.01,2.0,58.0,208.0,700,2041.0
10533.0,7.099999905,7.099999905,3.4165962488750004,1.769999981,2.059999943,3.269999981,0.01,21.0,35.0,255.0,615,2187.0
6760.0,4.46999979,4.46999979,3.4165962488750004,1.5149999859999999,0.670000017,4.46999979,0.01,26.0,25.969565217391306,250.0,613,1929.0
8328.0,5.510000229,5.510000229,3.4165962488750004,1.5149999859999999,2.0,3.5,0.01,26.0,33.0,212.0,804,1935.0
15459.0,10.22000027,10.22000027,3.4165962488750004,3.589999914,0.810000002,5.820000172,0.01,51.0,16.0,327.0,583,2438.0
7485.0,4.949999809,4.949999809,3.4165962488750004,1.5149999859999999,0.670000017,4.949999809,0.01,26.0,25.969565217391306,324.0,491,2035.0
10254.0,6.800000191,6.800000191,3.4165962488750004,1.419999957,1.230000019,4.159999847,0.01,21.0,25.0,231.0,638,2099.0
10114.0,6.820000172,6.820000172,3.4165962488750004,1.639999986,0.479999989,4.679999828,0.01,18.0,9.0,269.0,696,2096.0
11107.0,7.340000153,7.340000153,3.4165962488750004,0.899999976,2.75999999,3.680000067,0.01,14.0,46.0,196.0,759,2058.0
10320.0,6.849999905,6.849999905,3.4165962488750004,0.680000007,1.230000019,4.940000057,0.01,15.0,32.0,315.0,1002,2338.0
10209.0,6.75,6.75,3.4165962488750004,0.159999996,0.349999994,6.230000019,0.01,2.0,6.0,316.0,711,2104.0
16081.0,10.63000011,10.63000011,3.4165962488750004,1.25,1.820000052,7.559999943,0.01,16.0,32.0,401.0,970,2488.0
10078.0,6.829999924,6.829999924,3.4165962488750004,1.019999981,0.119999997,5.690000057,0.01,12.0,3.0,303.0,463,2164.0
10001.0,6.610000134,6.610000134,3.4165962488750004,0.330000013,2.930000067,3.359999895,0.01,5.0,52.0,196.0,788,2009.0
6895.5,4.964999914,4.960000038,3.4165962488750004,1.5149999859999999,0.670000017,3.448616187986945,0.01,26.0,25.969565217391306,201.87532467532466,425,399.0
890.0,0.600000024,0.600000024,3.4165962488750004,1.5149999859999999,0.670000017,0.600000024,0.01,26.0,25.969565217391306,41.0,1399,1335.0
2214.0,1.49000001,1.49000001,3.4165962488750004,1.5149999859999999,0.670000017,1.49000001,0.01,26.0,25.969565217391306,197.0,1243,1559.0
7640.0,5.130000114,5.130000114,3.4165962488750004,0.189999998,0.800000012,4.150000095,0.01,3.0,15.0,315.0,1107,1845.0
9713.0,6.53000021,6.53000021,3.4165962488750004,0.340000004,0.889999986,5.289999962,0.01,6.0,24.0,355.0,1055,2046.0
8432.0,5.670000076,5.670000076,3.4165962488750004,1.5149999859999999,0.670000017,5.650000095,0.01,26.0,25.969565217391306,374.0,1066,1953.0
7350.0,4.940000057,4.940000057,3.4165962488750004,1.5149999859999999,0.670000017,4.940000057,0.01,26.0,25.969565217391306,382.0,1058,1910.0
9353.0,6.309999943,6.309999943,3.4165962488750004,0.370000005,0.689999998,5.239999771,0.01,5.0,17.0,363.0,1055,2035.0
7157.0,4.809999943,4.809999943,3.4165962488750004,1.5149999859999999,0.670000017,4.809999943,0.01,26.0,25.969565217391306,380.0,1060,1944.0
14103.0,9.56000042,9.56000042,3.4165962488750004,3.019999981,0.409999996,6.139999866,0.01,46.0,8.0,288.0,1098,2257.0
5290.0,3.549999952,3.549999952,3.4165962488750004,0.039999999,0.340000004,3.170000076,0.01,1.0,8.0,251.0,1180,1724.0
7497.0,5.039999962,5.039999962,3.4165962488750004,1.5149999859999999,0.670000017,5.039999962,0.01,26.0,25.969565217391306,357.0,882,1741.0
6895.5,4.964999914,4.960000038,3.4165962488750004,1.5149999859999999,0.670000017,3.448616187986945,0.01,26.0,25.969565217391306,201.87532467532466,1440,
6895.5,4.964999914,4.960000038,3.4165962488750004,1.5149999859999999,0.670000017,3.448616187986945,0.01,26.0,25.969565217391306,201.87532467532466,1440,1920.0
6895.5,4.964999914,4.960000038,4.828032017,1.5149999859999999,0.670000017,3.448616187986945,0.01,26.0,660.0,201.87532467532466,780,4562.0
4126.0,3.220000029,4.960000038,3.218688011,1.5149999859999999,0.670000017,3.220000029,0.01,26.0,25.969565217391306,720.0,720,2881.0
2063.0,1.610000014,4.960000038,1.609344006,1.5149999859999999,0.670000017,1.610000014,0.01,26.0,25.969565217391306,630.0,99,1144.0
5785.0,3.950000048,3.950000048,3.4165962488750004,1.5149999859999999,0.670000017,3.910000086,0.039999999,26.0,25.969565217391306,311.0,1129,1852.0
7625.0,5.230000019,5.230000019,3.4165962488750004,1.679999948,0.039999999,3.5,0.01,24.0,1.0,341.0,1074,2069.0
4706.0,3.210000038,3.210000038,3.4165962488750004,1.5149999859999999,0.670000017,3.210000038,0.01,26.0,25.969565217391306,299.0,1141,1816.0
5861.0,4.019999981,4.019999981,3.4165962488750004,1.299999952,0.219999999,2.49000001,0.01,20.0,7.0,233.0,1180,1878.0
4460.0,3.039999962,3.039999962,3.4165962488750004,1.5149999859999999,0.670000017,3.019999981,0.029999999,26.0,25.969565217391306,248.0,1192,1787.0
6406.0,4.389999866,4.389999866,3.4165962488750004,0.779999971,0.090000004,3.519999981,0.01,17.0,4.0,325.0,1094,2010.0
7392.0,5.099999905,5.099999905,3.4165962488750004,0.870000005,0.159999996,4.050000191,0.02,14.0,9.0,332.0,1085,2038.0
5551.0,3.789999962,3.789999962,3.4165962488750004,1.5149999859999999,0.670000017,3.769999981,0.01,26.0,25.969565217391306,282.0,1158,1815.0
8827.0,6.25,6.25,3.4165962488750004,1.769999981,0.479999989,4.0,0.01,21.0,10.0,346.0,1063,2062.0
4662.0,3.180000067,3.180000067,3.4165962488750004,1.039999962,0.150000006,1.99000001,0.01,22.0,4.0,152.0,735,1276.0
4499.0,3.00999999,3.00999999,3.4165962488750004,1.5149999859999999,0.670000017,3.00999999,0.01,26.0,25.969565217391306,168.0,842,1288.0
7618.0,5.099999905,5.099999905,3.4165962488750004,1.5149999859999999,0.180000007,4.909999847,0.01,26.0,6.0,302.0,842,1490.0
11508.0,7.699999809,7.699999809,3.4165962488750004,2.170000076,0.839999974,4.690000057,0.01,29.0,22.0,282.0,748,1630.0
11943.0,7.989999771,7.989999771,3.4165962488750004,1.029999971,2.00999999,4.949999809,0.01,16.0,43.0,297.0,710,1648.0
12303.0,8.229999542,8.229999542,3.4165962488750004,1.710000038,1.350000024,5.170000076,0.01,26.0,32.0,291.0,605,1649.0
15425.0,10.31999969,10.31999969,3.4165962488750004,1.620000005,1.820000052,6.869999886,0.01,24.0,45.0,331.0,614,1783.0
8422.0,5.630000114,5.630000114,3.4165962488750004,1.5149999859999999,3.599999905,2.039999962,0.01,26.0,81.0,139.0,815,1431.0
10226.0,6.840000153,6.840000153,3.4165962488750004,1.5149999859999999,4.440000057,2.400000095,0.01,26.0,101.0,174.0,685,1524.0
14583.0,9.760000229,9.760000229,3.4165962488750004,2.480000019,1.74000001,5.53000021,0.01,35.0,36.0,254.0,697,1697.0
3573.0,2.390000105,2.390000105,3.4165962488750004,0.939999998,0.409999996,0.970000029,0.01,15.0,8.0,99.0,866,1232.0
3108.0,2.140000105,2.140000105,3.4165962488750004,0.07,0.039999999,1.960000038,0.01,1.0,1.0,129.0,894,1223.0
759.0,0.569999993,0.569999993,3.4165962488750004,1.5149999859999999,0.670000017,0.569999993,0.01,26.0,25.969565217391306,17.0,187,182.0
5543.0,3.970000029,3.970000029,3.4165962488750004,1.5149999859999999,0.670000017,3.960000038,0.01,26.0,25.969565217391306,254.0,757,2990.0
3226.0,2.309999943,2.309999943,3.4165962488750004,1.5149999859999999,0.670000017,2.279999971,0.01,26.0,25.969565217391306,136.0,771,2480.0
3023.0,2.170000076,2.170000076,3.4165962488750004,1.5149999859999999,0.670000017,2.140000105,0.01,26.0,25.969565217391306,145.0,1005,2570.0
5906.0,4.230000019,4.230000019,3.4165962488750004,1.5149999859999999,0.159999996,4.039999962,0.01,26.0,10.0,215.0,874,3016.0
12483.0,8.989999771,8.989999771,3.4165962488750004,1.450000048,0.569999993,6.900000095,0.01,25.0,14.0,309.0,599,3830.0
8940.0,6.409999847,6.409999847,3.4165962488750004,1.5149999859999999,0.670000017,0.610000014,0.039999999,26.0,25.969565217391306,47.0,986,3706.0
368.0,0.25999999,0.25999999,3.4165962488750004,1.5149999859999999,0.670000017,3.448616187986945,0.01,26.0,25.969565217391306,201.87532467532466,1440,2024.0
5702.0,4.090000153,4.090000153,3.4165962488750004,1.5149999859999999,0.670000017,3.448616187986945,0.01,26.0,25.969565217391306,201.87532467532466,1440,2980.0
10330.0,7.409999847,7.409999847,3.4165962488750004,1.5149999859999999,0.670000017,3.448616187986945,0.01,26.0,25.969565217391306,201.87532467532466,1440,3728.0
8778.0,6.289999962,6.289999962,3.4165962488750004,1.5149999859999999,0.670000017,3.448616187986945,0.01,26.0,25.969565217391306,201.87532467532466,1440,3348.0
6662.0,4.78000021,4.78000021,3.4165962488750004,1.5149999859999999,0.670000017,3.448616187986945,0.01,26.0,25.969565217391306,201.87532467532466,1440,3162.0
6309.0,4.519999981,4.519999981,3.4165962488750004,1.5149999859999999,0.670000017,3.448616187986945,0.01,26.0,25.969565217391306,201.87532467532466,1440,3140.0
1951.0,1.409999967,1.409999967,3.4165962488750004,1.5149999859999999,0.670000017,3.448616187986945,0.01,26.0,25.969565217391306,201.87532467532466,1440,1980.0
5563.0,3.99000001,3.99000001,3.4165962488750004,1.5149999859999999,0.670000017,3.448616187986945,0.01,26.0,25.969565217391306,201.87532467532466,1440,3681.0
4370.0,3.130000114,3.130000114,3.4165962488750004,1.5149999859999999,0.670000017,3.448616187986945,0.01,26.0,25.969565217391306,201.87532467532466,1440,3444.0
7144.0,5.119999886,5.119999886,3.4165962488750004,1.5149999859999999,0.670000017,3.448616187986945,0.01,26.0,25.969565217391306,201.87532467532466,1440,3510.0
2106.0,1.50999999,1.50999999,3.4165962488750004,0.02,0.050000001,0.209999993,0.01,31.0,45.0,75.0,1289,4010.0
4152.0,2.980000019,2.980000019,3.4165962488750004,1.5149999859999999,0.670000017,2.960000038,0.01,26.0,25.969565217391306,187.0,1253,2976.0
5400.0,3.869999886,3.869999886,3.4165962488750004,1.5149999859999999,0.670000017,3.849999905,0.01,26.0,25.969565217391306,258.0,795,3418.0
7428.0,5.329999924,5.329999924,3.4165962488750004,0.870000005,0.920000017,3.50999999,0.01,18.0,33.0,261.0,860,3439.0
5351.0,3.839999914,3.839999914,3.4165962488750004,0.620000005,0.180000007,3.00999999,0.01,15.0,17.0,210.0,748,3338.0
4299.0,3.099999905,3.099999905,3.4165962488750004,0.090000004,0.209999993,2.74000001,0.039999999,3.0,15.0,162.0,752,2892.0
6107.0,4.380000114,4.380000114,3.4165962488750004,1.5149999859999999,0.670000017,4.360000134,0.01,26.0,25.969565217391306,265.0,776,3313.0
6429.0,4.599999905,4.599999905,3.4165962488750004,1.5149999859999999,0.949999988,3.650000095,0.01,26.0,28.0,193.0,741,3118.0
6880.0,4.929999828,4.929999828,3.4165962488750004,0.5,0.75999999,3.650000095,0.01,7.0,19.0,165.0,1249,2966.0
7476.0,5.360000134,5.360000134,3.4165962488750004,1.5149999859999999,0.670000017,5.309999943,0.01,26.0,25.969565217391306,263.0,920,3253.0
6581.0,4.71999979,4.71999979,3.4165962488750004,1.5149999859999999,0.289999992,4.389999866,0.01,26.0,8.0,241.0,1191,3032.0
10480.0,7.510000229,7.510000229,3.4165962488750004,0.409999996,1.470000029,5.010000229,0.039999999,6.0,37.0,272.0,1125,4034.0
7734.0,5.550000191,5.550000191,3.4165962488750004,1.159999967,0.49000001,3.819999933,0.059999999,20.0,12.0,223.0,1185,3264.0
5129.0,3.680000067,3.680000067,3.4165962488750004,0.180000007,0.239999995,3.210000038,0.01,5.0,7.0,176.0,1178,2817.0
2993.0,2.150000095,2.150000095,3.4165962488750004,1.5149999859999999,0.670000017,2.089999914,0.01,26.0,25.969565217391306,114.0,888,2507.0
8.0,0.01,0.01,3.4165962488750004,1.5149999859999999,0.670000017,0.01,0.01,26.0,25.969565217391306,1.0,321,446.0
6895.5,4.964999914,4.960000038,3.4165962488750004,1.5149999859999999,0.670000017,3.448616187986945,0.01,26.0,25.969565217391306,201.87532467532466,1440,1777.0
8433.0,6.230000019,6.230000019,3.4165962488750004,2.450000048,0.330000013,3.440000057,0.01,30.0,7.0,135.0,1268,2453.0
6895.5,4.964999914,4.960000038,3.4165962488750004,1.5149999859999999,0.670000017,3.448616187986945,0.01,26.0,25.969565217391306,201.87532467532466,1440,1776.0
2139.0,1.559999943,1.559999943,3.4165962488750004,1.5149999859999999,1.299999952,0.25999999,0.01,26.0,28.0,15.0,1397,1935.0
949.0,0.689999998,0.689999998,3.4165962488750004,1.5149999859999999,0.670000017,0.689999998,0.01,26.0,25.969565217391306,34.0,1406,1870.0
44.0,0.029999999,0.029999999,3.4165962488750004,1.5149999859999999,0.670000017,0.029999999,0.01,26.0,25.969565217391306,2.0,1438,1782.0
2660.0,1.940000057,1.940000057,3.4165962488750004,1.5149999859999999,0.670000017,1.940000057,0.01,26.0,25.969565217391306,46.0,1394,1978.0
5561.0,4.190000057,4.190000057,3.4165962488750004,1.5149999859999999,0.670000017,4.070000172,0.01,26.0,25.969565217391306,169.0,1271,2296.0
7239.0,5.340000153,5.340000153,3.4165962488750004,0.550000012,0.360000014,4.380000114,0.01,7.0,7.0,190.0,1236,2484.0
7.0,0.01,0.01,3.4165962488750004,1.5149999859999999,0.670000017,0.01,0.01,26.0,25.969565217391306,1.0,1439,1787.0
2275.0,1.679999948,1.679999948,3.4165962488750004,1.5149999859999999,0.670000017,1.659999967,0.01,26.0,25.969565217391306,86.0,1354,2005.0
8.0,0.01,0.01,3.4165962488750004,1.5149999859999999,0.670000017,0.01,0.01,26.0,25.969565217391306,1.0,1439,1778.0
5137.0,3.75999999,3.75999999,3.4165962488750004,1.5149999859999999,0.670000017,3.75999999,0.01,26.0,25.969565217391306,160.0,1280,2293.0
5419.0,4.0,4.570000172,0.055842999,1.5149999859999999,0.670000017,3.910000086,0.059999999,26.0,25.969565217391306,145.0,1295,2259.0
18.0,0.01,0.01,3.4165962488750004,1.5149999859999999,0.670000017,0.01,0.01,26.0,25.969565217391306,2.0,1438,1780.0
4.0,4.964999914,4.960000038,3.4165962488750004,1.5149999859999999,0.670000017,3.448616187986945,0.01,26.0,25.969565217391306,1.0,1439,1778.0
8426.0,6.159999847,6.159999847,3.4165962488750004,0.129999995,5.489999771,0.540000021,0.01,2.0,120.0,25.0,1293,2360.0
1650.0,1.210000038,1.210000038,3.4165962488750004,1.5149999859999999,0.670000017,1.210000038,0.01,26.0,25.969565217391306,60.0,1380,1952.0
3434.0,2.50999999,2.50999999,3.4165962488750004,0.07,0.300000012,2.140000105,0.01,1.0,7.0,108.0,1324,2101.0
6801.0,4.980000019,4.980000019,3.4165962488750004,1.5149999859999999,0.670000017,4.96999979,0.01,26.0,25.969565217391306,193.0,1247,2393.0
187.0,0.140000001,0.140000001,3.4165962488750004,1.5149999859999999,0.670000017,0.140000001,0.01,26.0,25.969565217391306,11.0,400,538.0
5643.0,3.789999962,3.789999962,3.4165962488750004,0.230000004,0.330000013,3.230000019,0.01,3.0,8.0,199.0,683,1958.0
9043.0,6.070000172,6.070000172,3.4165962488750004,0.25,0.430000007,5.369999886,0.01,4.0,12.0,244.0,702,2141.0
8144.0,5.460000038,5.460000038,3.4165962488750004,0.25,0.610000014,4.610000134,0.01,4.0,17.0,247.0,1125,2129.0
9343.0,6.269999981,6.269999981,3.4165962488750004,0.959999979,0.850000024,4.460000038,0.01,14.0,20.0,268.0,654,2216.0
8405.0,5.659999847,5.659999847,3.4165962488750004,1.129999995,0.189999998,4.340000153,0.01,15.0,4.0,257.0,621,2154.0
8223.0,5.519999981,5.519999981,3.4165962488750004,0.800000012,1.50999999,3.210000038,0.01,12.0,37.0,257.0,551,2178.0
10067.0,6.760000229,6.760000229,3.4165962488750004,0.360000014,1.419999957,4.96999979,0.01,5.0,39.0,313.0,578,2308.0
8359.0,5.630000114,5.630000114,3.4165962488750004,0.230000004,0.529999971,4.869999886,0.01,3.0,14.0,311.0,638,2201.0
10946.0,7.349999905,7.349999905,3.4165962488750004,0.540000021,2.089999914,4.71999979,0.01,8.0,51.0,308.0,569,2341.0
9130.0,6.150000095,6.150000095,3.4165962488750004,0.5,0.379999995,5.269999981,0.01,7.0,11.0,304.0,668,2236.0
6544.0,4.409999847,4.409999847,3.4165962488750004,0.289999992,0.25999999,3.859999895,0.01,4.0,6.0,276.0,1132,2069.0
6895.5,4.964999914,4.960000038,3.4165962488750004,1.5149999859999999,0.670000017,3.448616187986945,0.01,26.0,25.969565217391306,201.87532467532466,1440,1878.0
6895.5,4.964999914,4.960000038,3.4165962488750004,1.5149999859999999,0.670000017,3.448616187986945,0.01,26.0,25.969565217391306,201.87532467532466,994,1296.0
2303.0,1.549999952,1.549999952,3.4165962488750004,1.5149999859999999,0.670000017,1.549999952,0.01,26.0,25.969565217391306,155.0,807,2010.0
2600.0,1.74000001,1.74000001,3.4165962488750004,1.5149999859999999,0.670000017,1.74000001,0.01,26.0,25.969565217391306,163.0,1277,2032.0
4804.0,3.220000029,3.220000029,3.4165962488750004,1.5149999859999999,0.670000017,3.220000029,0.01,26.0,25.969565217391306,238.0,786,2227.0
3271.0,2.190000057,2.190000057,3.4165962488750004,1.5149999859999999,0.670000017,2.190000057,0.01,26.0,25.969565217391306,205.0,898,2133.0
5406.0,3.630000114,3.630000114,3.4165962488750004,1.5149999859999999,0.670000017,3.609999895,0.01,26.0,25.969565217391306,273.0,672,2317.0
3146.0,2.109999895,2.109999895,3.4165962488750004,1.5149999859999999,0.670000017,2.109999895,0.01,26.0,25.969565217391306,171.0,1269,2058.0
2422.0,1.629999995,1.629999995,3.4165962488750004,1.5149999859999999,0.670000017,1.629999995,0.01,26.0,25.969565217391306,110.0,1330,1935.0
4239.0,2.839999914,2.839999914,3.4165962488750004,0.059999999,0.239999995,2.529999971,0.01,1.0,6.0,235.0,702,2217.0
6911.0,4.78000021,4.78000021,3.4165962488750004,2.319999933,0.100000001,2.359999895,0.01,28.0,2.0,215.0,745,2374.0
6667.0,4.610000134,4.610000134,3.4165962488750004,2.019999981,0.050000001,2.549999952,0.01,24.0,1.0,208.0,939,2335.0
5543.0,3.720000029,3.720000029,3.4165962488750004,1.5149999859999999,0.670000017,3.720000029,0.01,26.0,25.969565217391306,266.0,941,2303.0
4195.0,2.809999943,2.809999943,3.4165962488750004,1.5149999859999999,0.670000017,2.809999943,0.01,26.0,25.969565217391306,239.0,758,2210.0
6625.0,4.449999809,4.449999809,3.4165962488750004,1.5149999859999999,0.670000017,4.449999809,0.01,26.0,25.969565217391306,316.0,755,2424.0
5986.0,4.130000114,4.130000114,3.4165962488750004,1.950000048,0.230000004,1.950000048,0.01,23.0,5.0,195.0,789,2297.0
278.0,0.189999998,0.189999998,3.4165962488750004,1.5149999859999999,0.670000017,0.189999998,0.01,26.0,25.969565217391306,20.0,253,745.0
5336.0,3.529999971,3.529999971,3.4165962488750004,1.5149999859999999,0.670000017,3.529999971,0.01,26.0,25.969565217391306,258.0,1182,1902.0
3183.0,2.099999905,2.099999905,3.4165962488750004,1.5149999859999999,0.670000017,2.099999905,0.01,26.0,25.969565217391306,173.0,1180,1680.0
6176.0,4.079999924,4.079999924,3.4165962488750004,0.07,0.25999999,3.75,0.01,1.0,7.0,269.0,886,1901.0
8205.0,5.420000076,5.420000076,3.4165962488750004,1.5149999859999999,0.670000017,5.420000076,0.01,26.0,25.969565217391306,367.0,1073,2078.0
6799.0,4.489999771,4.489999771,3.4165962488750004,1.590000033,0.860000014,2.039999962,0.01,24.0,14.0,185.0,1217,1876.0
5668.0,3.75,3.75,3.4165962488750004,1.5149999859999999,0.670000017,3.75,0.01,26.0,25.969565217391306,259.0,1181,1853.0
7998.0,5.289999962,5.289999962,3.4165962488750004,0.50999999,0.25,4.53000021,0.01,27.0,12.0,296.0,1105,2235.0
4195.0,2.769999981,2.769999981,3.4165962488750004,1.5149999859999999,0.670000017,2.769999981,0.01,26.0,25.969565217391306,241.0,1199,1778.0
5512.0,3.640000105,3.640000105,3.4165962488750004,1.5149999859999999,0.670000017,3.640000105,0.01,26.0,25.969565217391306,276.0,1164,1882.0
6263.0,4.139999866,4.139999866,3.4165962488750004,1.5149999859999999,0.670000017,4.130000114,0.01,26.0,25.969565217391306,290.0,1150,1906.0
8828.0,5.840000153,5.840000153,3.4165962488750004,1.5149999859999999,0.670000017,5.840000153,0.01,26.0,25.969565217391306,308.0,1132,2149.0
1260.0,0.829999983,0.829999983,3.4165962488750004,1.5149999859999999,0.670000017,0.819999993,0.01,26.0,25.969565217391306,76.0,555,722.0
6506.0,5.28000021,5.28000021,3.4165962488750004,0.330000013,0.270000011,4.670000076,0.01,4.0,5.0,241.0,760,2886.0
7583.0,6.150000095,6.150000095,3.4165962488750004,0.25,0.550000012,5.349999905,0.01,3.0,13.0,227.0,742,2915.0
6963.0,5.650000095,5.650000095,3.4165962488750004,1.5149999859999999,0.670000017,5.650000095,0.01,26.0,25.969565217391306,256.0,759,2895.0
7165.0,5.809999943,5.809999943,3.4165962488750004,1.5149999859999999,0.370000005,5.440000057,0.01,26.0,9.0,248.0,708,2923.0
10328.0,8.380000114,8.380000114,3.4165962488750004,1.5149999859999999,1.460000038,6.920000076,0.01,26.0,32.0,367.0,475,3323.0
12116.0,9.829999924,9.829999924,3.4165962488750004,0.25,2.849999905,6.71999979,0.01,3.0,57.0,323.0,471,3357.0
7810.0,6.360000134,6.360000134,3.4165962488750004,0.479999989,1.200000048,4.679999828,0.01,6.0,27.0,216.0,746,2931.0
6670.0,5.409999847,5.409999847,3.4165962488750004,1.24000001,0.800000012,3.369999886,0.01,15.0,16.0,199.0,770,2848.0
7605.0,6.179999828,6.179999828,3.4165962488750004,0.330000013,0.209999993,5.630000114,0.01,4.0,4.0,248.0,708,2943.0
6585.0,5.340000153,5.340000153,3.4165962488750004,1.5149999859999999,0.670000017,5.340000153,0.01,26.0,25.969565217391306,210.0,770,2822.0
8184.0,6.639999866,6.639999866,3.4165962488750004,1.5149999859999999,0.620000005,5.949999809,0.01,26.0,15.0,247.0,808,2981.0
14002.0,11.35999966,11.35999966,3.4165962488750004,0.610000014,2.680000067,8.06000042,0.01,8.0,56.0,381.0,407,3597.0
11135.0,9.029999733,9.029999733,3.4165962488750004,0.079999998,1.159999967,7.789999962,0.01,1.0,25.0,331.0,528,3224.0
6499.0,5.269999981,5.269999981,3.4165962488750004,1.5149999859999999,0.670000017,5.269999981,0.01,26.0,25.969565217391306,207.0,809,2677.0
12409.0,8.100000381,8.100000381,3.4165962488750004,2.900000095,0.629999995,4.579999924,0.01,51.0,12.0,235.0,782,2142.0
2937.0,1.919999957,1.919999957,3.4165962488750004,1.5149999859999999,0.670000017,1.909999967,0.01,26.0,25.969565217391306,181.0,356,1615.0
1515.0,0.99000001,0.99000001,3.4165962488750004,1.5149999859999999,0.670000017,0.99000001,0.01,26.0,25.969565217391306,93.0,507,1481.0
8921.0,5.880000114,5.880000114,3.4165962488750004,2.069999933,0.439999998,3.359999895,0.01,27.0,8.0,198.0,754,1892.0
11306.0,7.380000114,7.380000114,3.4165962488750004,2.309999943,0.980000019,4.090000153,0.01,40.0,26.0,218.0,772,2086.0
12252.0,8.0,8.0,3.4165962488750004,2.410000086,1.700000048,3.890000105,0.01,33.0,28.0,229.0,745,2044.0
15444.0,10.07999992,10.07999992,3.4165962488750004,3.269999981,1.730000019,5.079999924,0.01,51.0,39.0,243.0,731,2249.0
9938.0,6.489999771,6.489999771,3.4165962488750004,2.140000105,1.279999971,3.079999924,0.01,38.0,24.0,193.0,767,2019.0
4599.0,3.0,3.0,3.4165962488750004,1.5149999859999999,0.670000017,3.0,0.01,26.0,25.969565217391306,176.0,578,1692.0
5594.0,3.650000095,3.650000095,3.4165962488750004,0.280000001,1.480000019,1.889999986,0.01,4.0,25.0,150.0,552,1712.0
11906.0,7.769999981,7.769999981,3.4165962488750004,2.25999999,1.519999981,3.99000001,0.01,32.0,27.0,234.0,688,2065.0
3436.0,2.24000001,2.24000001,3.4165962488750004,0.5,0.670000017,1.049999952,0.01,7.0,11.0,50.0,61,633.0
10461.0,7.869999886,7.869999886,3.4165962488750004,4.760000229,0.850000024,2.25,0.01,99.0,31.0,142.0,721,3625.0
14873.0,11.10999966,11.10999966,3.4165962488750004,8.18999958,0.600000024,2.309999943,0.01,202.0,36.0,153.0,663,4430.0
9917.0,7.409999847,7.409999847,3.4165962488750004,1.99000001,0.970000029,4.440000057,0.01,58.0,27.0,240.0,700,3427.0
7401.0,5.559999943,5.559999943,3.4165962488750004,2.319999933,0.360000014,2.880000114,0.01,70.0,19.0,204.0,689,3492.0
8964.0,6.699999809,6.699999809,3.4165962488750004,3.970000029,0.189999998,2.529999971,0.01,107.0,18.0,145.0,756,3597.0
11080.0,8.300000191,8.300000191,3.4165962488750004,3.130000114,1.370000005,3.809999943,0.01,83.0,52.0,190.0,695,3765.0
4499.0,3.359999895,3.359999895,3.4165962488750004,0.889999986,0.25999999,2.210000038,0.01,31.0,11.0,146.0,756,2775.0
4363.0,3.25999999,3.25999999,3.4165962488750004,0.129999995,0.059999999,3.079999924,0.01,8.0,2.0,156.0,813,2486.0
10494.0,7.840000153,7.840000153,3.4165962488750004,4.909999847,0.779999971,2.150000095,0.01,123.0,62.0,138.0,601,3817.0
9776.0,7.380000114,7.380000114,3.4165962488750004,2.930000067,1.429999948,3.019999981,0.01,80.0,35.0,162.0,721,3378.0
2862.0,2.140000105,2.140000105,3.4165962488750004,1.039999962,0.25,0.839999974,0.01,39.0,17.0,54.0,209,1511.0
7444.0,5.619999886,5.619999886,3.4165962488750004,1.5149999859999999,0.670000017,5.619999886,0.01,26.0,25.969565217391306,286.0,568,2210.0
19658.0,14.84000015,14.84000015,3.4165962488750004,0.239999995,2.089999914,12.51000023,0.01,3.0,30.0,475.0,466,2884.0
6895.5,4.964999914,4.960000038,3.4165962488750004,1.5149999859999999,0.670000017,3.448616187986945,0.01,26.0,25.969565217391306,201.87532467532466,1440,1496.0
8468.0,6.389999866,6.389999866,3.4165962488750004,0.180000007,0.639999986,5.570000172,0.01,2.0,11.0,279.0,1148,2262.0
9910.0,7.480000019,7.480000019,3.4165962488750004,1.5149999859999999,0.670000017,7.480000019,0.01,26.0,25.969565217391306,384.0,990,2445.0
12409.0,9.369999886,9.369999886,3.4165962488750004,1.5149999859999999,0.670000017,9.369999886,0.01,26.0,25.969565217391306,491.0,388,2694.0
4853.0,3.660000086,3.660000086,3.4165962488750004,1.5149999859999999,0.670000017,3.660000086,0.01,26.0,25.969565217391306,156.0,770,1903.0
8955.0,6.760000229,6.760000229,3.4165962488750004,1.5149999859999999,0.670000017,6.730000019,0.01,26.0,25.969565217391306,422.0,1018,2482.0
10789.0,8.149999619,8.149999619,3.4165962488750004,1.5149999859999999,0.670000017,8.149999619,0.01,26.0,25.969565217391306,506.0,413,2617.0
6633.0,5.010000229,5.010000229,3.4165962488750004,1.5149999859999999,0.670000017,5.010000229,0.01,26.0,25.969565217391306,280.0,1160,2778.0
9548.0,7.21999979,7.21999979,3.4165962488750004,2.019999981,3.680000067,1.519999981,0.01,25.0,107.0,113.0,1195,3119.0
6895.5,4.964999914,4.960000038,3.4165962488750004,1.5149999859999999,0.670000017,3.448616187986945,0.01,33.0,25.969565217391306,201.87532467532466,1407,2664.0
6895.5,4.964999914,4.960000038,3.4165962488750004,1.5149999859999999,0.670000017,3.448616187986945,0.01,26.0,25.969565217391306,201.87532467532466,1440,2060.0
6895.5,4.964999914,4.960000038,3.4165962488750004,1.5149999859999999,0.670000017,3.448616187986945,0.01,20.0,25.969565217391306,201.87532467532466,494,735.0
6895.5,4.964999914,4.960000038,3.4165962488750004,1.5149999859999999,0.670000017,3.448616187986945,0.01,26.0,25.969565217391306,201.87532467532466,1440,1820.0
2101.0,2.029999971,4.960000038,2.027772903,2.029999971,0.670000017,3.448616187986945,0.01,46.0,25.969565217391306,201.87532467532466,1394,2224.0
9766.0,7.510000229,0.779999971,6.72705698,1.5149999859999999,0.050000001,7.460000038,0.01,26.0,6.0,301.0,1133,2442.0
165.0,0.129999995,0.129999995,3.4165962488750004,1.5149999859999999,0.670000017,0.129999995,0.01,26.0,25.969565217391306,8.0,1432,1849.0
6895.5,4.964999914,4.960000038,3.4165962488750004,1.5149999859999999,0.670000017,3.448616187986945,0.01,26.0,25.969565217391306,201.87532467532466,1440,1822.0
6895.5,4.964999914,4.960000038,3.4165962488750004,1.5149999859999999,0.670000017,3.448616187986945,0.01,26.0,25.969565217391306,201.87532467532466,198,251.0
7225.0,5.179999828,5.179999828,3.4165962488750004,1.730000019,1.269999981,2.180000067,0.01,25.0,50.0,163.0,1189,3065.0
1988.0,1.429999948,1.429999948,3.4165962488750004,1.5149999859999999,0.670000017,1.429999948,0.01,26.0,25.969565217391306,79.0,909,2207.0
1577.0,1.129999995,1.129999995,3.4165962488750004,0.07,0.889999986,0.170000002,0.01,1.0,17.0,8.0,1414,1977.0
6895.5,4.964999914,4.960000038,3.4165962488750004,1.5149999859999999,0.670000017,3.448616187986945,0.01,26.0,25.969565217391306,201.87532467532466,1440,1841.0
9348.0,6.699999809,6.699999809,3.4165962488750004,1.129999995,2.039999962,3.140000105,0.01,56.0,133.0,240.0,1011,4286.0
11761.0,8.430000305,8.430000305,3.4165962488750004,1.309999943,2.440000057,4.679999828,0.01,24.0,99.0,300.0,550,3920.0
13987.0,10.02999973,10.02999973,3.4165962488750004,2.869999886,3.339999914,3.819999933,0.01,46.0,114.0,250.0,739,3856.0
4131.0,2.960000038,2.960000038,3.4165962488750004,1.370000005,0.610000014,0.980000019,0.01,27.0,30.0,75.0,1308,2584.0
14.0,0.01,0.01,3.4165962488750004,1.5149999859999999,0.670000017,0.01,0.01,26.0,25.969565217391306,1.0,601,787.0
15491.0,10.23999977,10.23999977,3.4165962488750004,1.289999962,4.489999771,4.460000038,0.01,18.0,77.0,272.0,641,2244.0
14097.0,9.319999695,9.319999695,3.4165962488750004,3.5,1.919999957,3.900000095,0.01,50.0,32.0,234.0,595,2188.0
10467.0,6.980000019,6.980000019,3.4165962488750004,0.699999988,2.430000067,3.849999905,0.01,9.0,45.0,252.0,602,2014.0
12437.0,8.300000191,8.300000191,3.4165962488750004,3.75999999,1.289999962,3.24000001,0.01,50.0,24.0,219.0,732,2115.0
12307.0,8.140000343,8.140000343,3.4165962488750004,1.00999999,3.25999999,3.869999886,0.01,14.0,51.0,218.0,589,2055.0
18952.0,12.80000019,12.80000019,3.4165962488750004,5.909999847,1.230000019,5.659999847,0.01,73.0,20.0,327.0,570,2437.0
12010.0,7.940000057,7.940000057,3.4165962488750004,2.380000114,0.949999988,4.610000134,0.01,38.0,17.0,287.0,692,2158.0
12480.0,8.859999657,8.25,3.97279501,4.179999828,0.689999998,4.0,0.01,55.0,14.0,276.0,593,2170.0
13417.0,9.649999619,8.869999886,1.926301956,3.390000105,1.25,4.909999847,0.100000001,45.0,16.0,284.0,665,2244.0
14400.0,10.88000011,9.520000458,5.45686388,2.470000029,2.880000114,5.53000021,0.01,27.0,37.0,276.0,697,2188.0
12495.0,8.260000229,8.260000229,3.4165962488750004,2.210000038,1.090000033,4.960000038,0.01,33.0,19.0,324.0,609,2231.0
10148.0,6.710000038,6.710000038,3.4165962488750004,1.360000014,0.219999999,5.130000114,0.01,19.0,7.0,306.0,679,2100.0
12362.0,9.090000153,8.170000076,2.696455002,1.090000033,2.730000019,5.269999981,0.01,21.0,38.0,297.0,678,2188.0
5893.0,3.900000095,3.900000095,3.4165962488750004,2.880000114,0.560000002,0.460000008,0.01,43.0,9.0,48.0,146,917.0
11680.0,9.06000042,7.809999943,4.901282787,4.489999771,0.330000013,4.239999771,0.01,50.0,7.0,244.0,1139,2573.0
10976.0,7.340000153,7.340000153,3.4165962488750004,0.550000012,0.670000017,6.130000114,0.01,9.0,16.0,271.0,1075,2575.0
16806.0,11.23999977,11.23999977,3.4165962488750004,6.409999847,1.370000005,3.470000029,0.01,104.0,31.0,230.0,1002,3086.0
15266.0,11.39999962,10.21000004,5.189849854,5.800000191,0.75999999,4.789999962,0.050000001,70.0,21.0,292.0,1057,2886.0
12084.0,9.140000343,8.079999924,4.836380005,4.389999866,0.460000008,4.289999962,0.01,50.0,6.0,284.0,1030,2676.0
13513.0,10.25,9.069999695,4.835720062,5.349999905,0.330000013,4.559999943,0.01,64.0,8.0,270.0,1098,2811.0
14100.0,10.57999992,9.430000305,4.875989914,5.099999905,1.190000057,4.28000021,0.01,61.0,33.0,265.0,1015,2840.0
12627.0,9.649999619,8.449999809,4.842319965,4.699999809,0.74000001,4.210000038,0.01,54.0,22.0,301.0,1063,2871.0
10345.0,6.920000076,6.920000076,3.4165962488750004,0.07,0.270000011,6.579999924,0.01,2.0,6.0,358.0,1074,2613.0
10146.0,6.789999962,6.789999962,3.4165962488750004,0.07,0.610000014,6.110000134,0.01,1.0,12.0,397.0,1030,2700.0
12168.0,8.140000343,8.140000343,3.4165962488750004,1.049999952,0.790000021,6.289999962,0.01,18.0,27.0,375.0,1020,2871.0
7413.0,5.769999981,4.960000038,4.869782925,4.5,0.340000004,0.939999998,0.01,53.0,6.0,43.0,405,1023.0
11463.0,7.670000076,7.670000076,3.4165962488750004,2.829999924,1.889999986,2.930000067,0.01,38.0,30.0,154.0,777,2496.0
87.0,0.02,0.02,3.4165962488750004,1.5149999859999999,0.670000017,0.01,0.01,26.0,25.969565217391306,2.0,872,1641.0
1949.0,1.309999943,1.309999943,3.4165962488750004,0.230000004,0.349999994,0.730000019,0.01,3.0,6.0,27.0,1404,1794.0
6101.0,3.869999886,3.869999886,3.4165962488750004,0.529999971,0.230000004,3.099999905,0.01,31.0,24.0,138.0,1247,2421.0
7478.0,4.989999771,4.989999771,3.4165962488750004,1.799999952,0.529999971,2.609999895,0.029999999,25.0,33.0,132.0,1159,2439.0
7352.0,4.730000019,4.730000019,3.4165962488750004,1.409999967,0.779999971,2.529999971,0.01,19.0,14.0,124.0,814,2233.0
14604.0,10.81999969,10.81999969,3.4165962488750004,7.230000019,1.120000005,2.430000067,0.029999999,76.0,30.0,127.0,695,2862.0
9634.0,6.519999981,6.519999981,3.4165962488750004,2.5,1.399999976,2.589999914,0.01,50.0,48.0,140.0,797,2752.0
7338.0,4.670000076,4.670000076,3.4165962488750004,1.080000043,0.129999995,3.460000038,0.01,27.0,5.0,204.0,717,2519.0
569.0,0.349999994,0.349999994,3.4165962488750004,1.5149999859999999,0.670000017,0.340000004,0.01,26.0,25.969565217391306,27.0,1368,1799.0
6242.0,3.920000076,3.920000076,3.4165962488750004,0.74000001,0.230000004,2.930000067,0.01,46.0,22.0,126.0,741,2543.0
430.0,0.25999999,0.25999999,3.4165962488750004,1.5149999859999999,0.670000017,0.25999999,0.01,26.0,25.969565217391306,14.0,75,625.0
20188.0,15.61999989,15.61999989,3.4165962488750004,12.06000042,0.850000024,2.710000038,0.01,124.0,19.0,172.0,1125,3377.0
25701.0,20.13999939,20.13999939,3.4165962488750004,16.81999969,1.629999995,1.690000057,0.01,165.0,36.0,97.0,1142,3697.0
17395.0,13.21000004,13.21000004,3.4165962488750004,9.670000076,0.180000007,3.349999905,0.01,100.0,4.0,213.0,1123,3209.0
17167.0,13.40999985,13.40999985,3.4165962488750004,9.960000038,0.310000002,3.140000105,0.01,98.0,8.0,184.0,1150,3167.0
16435.0,12.42000008,12.42000008,3.4165962488750004,8.960000038,0.550000012,2.910000086,0.01,100.0,14.0,191.0,1135,3122.0
17078.0,13.19999981,13.19999981,3.4165962488750004,9.970000267,0.239999995,2.99000001,0.01,101.0,6.0,190.0,1143,3176.0
11693.0,9.539999962,9.539999962,3.4165962488750004,6.769999981,0.25999999,2.5,0.01,60.0,6.0,153.0,1221,2790.0
11159.0,9.140000343,9.140000343,3.4165962488750004,6.690000057,0.25,2.190000057,0.01,59.0,6.0,120.0,1255,2715.0
10118.0,7.730000019,7.730000019,3.4165962488750004,3.049999952,0.800000012,3.880000114,0.01,30.0,18.0,207.0,1185,2684.0
16064.0,12.72000027,12.72000027,3.4165962488750004,9.979999542,0.360000014,2.380000114,0.01,96.0,8.0,155.0,1181,3097.0
290.0,0.209999993,0.209999993,3.4165962488750004,1.5149999859999999,0.670000017,0.209999993,0.01,26.0,25.969565217391306,16.0,599,791.0
6895.5,4.964999914,4.960000038,3.4165962488750004,1.5149999859999999,0.670000017,3.448616187986945,0.01,26.0,25.969565217391306,201.87532467532466,1440,1429.0
1931.0,1.279999971,1.279999971,3.4165962488750004,1.5149999859999999,0.670000017,1.279999971,0.01,26.0,25.969565217391306,94.0,1346,1607.0
5181.0,3.420000076,3.420000076,3.4165962488750004,1.0,0.910000026,1.50999999,0.01,15.0,15.0,107.0,1303,1776.0
12026.0,9.149999619,9.149999619,3.4165962488750004,5.699999809,0.930000007,2.50999999,0.01,47.0,13.0,150.0,1230,2162.0
5360.0,3.539999962,3.539999962,3.4165962488750004,0.540000021,1.549999952,1.460000038,0.01,8.0,28.0,148.0,1256,1832.0
2545.0,1.679999948,1.679999948,3.4165962488750004,1.5149999859999999,0.670000017,1.669999957,0.02,26.0,25.969565217391306,126.0,1314,1657.0
1636.0,1.080000043,1.080000043,3.4165962488750004,1.5149999859999999,0.670000017,1.080000043,0.01,26.0,25.969565217391306,86.0,1139,1377.0
14179.0,11.23999977,11.23999977,3.4165962488750004,6.230000019,1.059999943,3.960000038,0.01,73.0,21.0,195.0,719,3669.0
3358.0,2.660000086,2.660000086,3.4165962488750004,1.5149999859999999,0.670000017,2.660000086,0.01,26.0,25.969565217391306,144.0,657,2702.0
9152.0,7.260000229,7.260000229,3.4165962488750004,1.99000001,0.819999993,4.449999809,0.01,25.0,13.0,243.0,600,3304.0
13935.0,11.05000019,11.05000019,2.092147112,4.090000153,0.790000021,6.170000076,0.01,105.0,16.0,220.0,658,4234.0
12846.0,10.18999958,10.18999958,2.253081083,5.0,0.75,4.440000057,0.01,113.0,15.0,189.0,686,4128.0
9124.0,7.239999771,7.239999771,2.092147112,1.5149999859999999,0.25,6.989999771,0.01,55.0,6.0,230.0,728,3798.0
9725.0,7.710000038,7.710000038,2.253081083,2.410000086,0.529999971,4.769999981,0.01,83.0,11.0,181.0,670,3839.0
8350.0,6.619999886,6.619999886,2.092147112,1.49000001,0.529999971,4.610000134,0.01,72.0,10.0,167.0,868,3713.0
2240.0,1.779999971,1.779999971,3.4165962488750004,1.5149999859999999,0.670000017,1.779999971,0.01,26.0,25.969565217391306,110.0,843,2606.0
2631.0,2.089999914,2.089999914,3.4165962488750004,1.5149999859999999,0.670000017,2.089999914,0.01,26.0,25.969565217391306,117.0,727,2624.0
8837.0,7.010000229,7.010000229,2.092147112,1.539999962,0.879999995,4.590000153,0.01,74.0,17.0,182.0,811,3775.0
3246.0,2.569999933,2.569999933,2.253081083,0.829999983,0.709999979,1.029999971,0.01,65.0,15.0,49.0,243,1882.0
2174.0,1.700000048,1.700000048,3.4165962488750004,1.5149999859999999,0.670000017,1.700000048,0.01,26.0,25.969565217391306,112.0,1328,2360.0
3494.0,2.730000019,2.730000019,3.4165962488750004,1.5149999859999999,0.670000017,2.690000057,0.01,26.0,25.969565217391306,166.0,1274,2517.0
2380.0,1.860000014,1.860000014,3.4165962488750004,1.5149999859999999,0.670000017,1.860000014,0.01,26.0,25.969565217391306,131.0,1309,2400.0
3159.0,2.460000038,2.460000038,3.4165962488750004,1.5149999859999999,0.670000017,2.460000038,0.01,26.0,25.969565217391306,147.0,1293,2462.0
6835.0,5.329999924,5.329999924,3.4165962488750004,0.370000005,0.730000019,4.239999771,0.01,5.0,15.0,212.0,1208,2786.0
2098.0,1.639999986,1.639999986,3.4165962488750004,1.5149999859999999,0.670000017,1.629999995,0.01,26.0,25.969565217391306,112.0,1328,2354.0
2816.0,2.200000048,2.200000048,3.4165962488750004,1.5149999859999999,0.670000017,2.200000048,0.01,26.0,25.969565217391306,138.0,1302,2437.0
1408.0,1.100000024,1.100000024,3.4165962488750004,1.5149999859999999,0.670000017,1.100000024,0.01,26.0,25.969565217391306,79.0,1052,1814.0
4592.0,2.940000057,2.940000057,3.4165962488750004,0.100000001,0.140000001,2.700000048,0.01,4.0,8.0,176.0,748,2260.0
8452.0,5.409999847,5.409999847,3.4165962488750004,0.25999999,0.389999986,4.760000229,0.01,9.0,24.0,328.0,1079,3004.0
7238.0,4.630000114,4.630000114,3.4165962488750004,0.109999999,0.230000004,4.289999962,0.01,2.0,6.0,279.0,636,2667.0
3821.0,2.450000048,2.450000048,3.4165962488750004,1.5149999859999999,0.219999999,2.230000019,0.01,26.0,9.0,161.0,675,2229.0
2332.0,1.49000001,1.49000001,3.4165962488750004,0.01,0.180000007,1.299999952,0.01,1.0,10.0,111.0,904,2100.0
2121.0,1.360000014,1.360000014,3.4165962488750004,1.5149999859999999,0.670000017,1.360000014,0.01,26.0,25.969565217391306,122.0,855,2114.0
1291.0,0.829999983,0.829999983,3.4165962488750004,1.5149999859999999,0.670000017,0.829999983,0.01,26.0,25.969565217391306,77.0,888,1961.0
1467.0,0.939999998,0.939999998,3.4165962488750004,0.100000001,0.209999993,0.629999995,0.01,2.0,8.0,71.0,912,1953.0
1022.0,0.649999976,0.649999976,3.4165962488750004,1.5149999859999999,0.670000017,0.649999976,0.01,26.0,25.969565217391306,63.0,739,1890.0
4605.0,2.950000048,2.950000048,3.4165962488750004,1.5149999859999999,0.670000017,2.950000048,0.01,26.0,25.969565217391306,179.0,1261,2253.0
178.0,0.109999999,0.109999999,3.4165962488750004,1.5149999859999999,0.670000017,0.109999999,0.01,26.0,25.969565217391306,12.0,1428,1725.0
20.0,0.01,0.01,3.4165962488750004,1.5149999859999999,0.670000017,0.01,0.01,26.0,25.969565217391306,6.0,598,728.0
18700.0,15.81999969,15.81999969,3.4165962488750004,8.699999809,0.159999996,6.909999847,0.01,67.0,3.0,247.0,1123,3527.0
27572.0,23.38999939,23.38999939,3.4165962488750004,14.72000027,1.210000038,7.340000153,0.01,116.0,24.0,260.0,1040,4220.0
15260.0,8.18999958,8.18999958,3.4165962488750004,1.799999952,0.75,5.570000172,0.01,106.0,17.0,259.0,1058,3864.0
20779.0,18.40999985,18.40999985,3.4165962488750004,11.72999954,0.649999976,6.0,0.01,78.0,16.0,208.0,1138,3662.0
10695.0,8.119999886,8.119999886,3.4165962488750004,0.769999981,0.180000007,7.090000153,0.01,10.0,3.0,246.0,1181,2834.0
24136.0,20.90999985,20.90999985,3.4165962488750004,12.22000027,0.540000021,8.079999924,0.01,87.0,16.0,318.0,1019,4039.0
10910.0,8.420000076,8.420000076,3.4165962488750004,2.960000038,0.389999986,5.03000021,0.01,32.0,11.0,212.0,1185,2947.0
23014.0,20.38999939,20.38999939,3.4165962488750004,11.10000038,0.629999995,8.619999886,0.01,70.0,29.0,359.0,982,4196.0
16470.0,8.069999695,8.069999695,3.4165962488750004,1.5149999859999999,0.02,8.020000458,0.01,90.0,9.0,289.0,1052,3841.0
28497.0,27.53000069,27.53000069,3.4165962488750004,21.92000008,1.120000005,4.460000038,0.01,128.0,46.0,211.0,1055,4526.0
10622.0,8.06000042,8.06000042,3.4165962488750004,1.470000029,0.150000006,6.369999886,0.01,18.0,7.0,225.0,1190,2820.0
2350.0,1.779999971,1.779999971,3.4165962488750004,1.5149999859999999,0.670000017,1.779999971,0.01,26.0,25.969565217391306,58.0,531,938.0
